layer,type,v_min,v_max,abs_max,int_bits,Q,scale,max_repr,overflow,format,num_bits
mobilevit.conv_stem.convolution,Conv2d,-3.41638,3.83332,3.83332,3,29,1.862645149230957e-09,4.0,False,Q2.29,32
mobilevit.conv_stem.normalization,BatchNorm2d,-15.48043,15.58313,15.58313,5,27,7.450580596923828e-09,16.0,False,Q4.27,32
mobilevit.conv_stem.activation,SiLUActivation,-0.27846,15.58313,15.58313,5,27,7.450580596923828e-09,16.0,False,Q4.27,32
mobilevit.conv_stem,MobileViTConvLayer,-0.27846,15.58313,15.58313,5,27,7.450580596923828e-09,16.0,False,Q4.27,32
mobilevit.encoder.layer.0.layer.0.expand_1x1.convolution,Conv2d,-18.04135,8.34413,18.04135,6,26,1.4901161193847656e-08,32.0,False,Q5.26,32
mobilevit.encoder.layer.0.layer.0.expand_1x1.normalization,BatchNorm2d,-105.01004,53.76774,105.01004,8,24,5.960464477539063e-08,128.0,False,Q7.24,32
mobilevit.encoder.layer.0.layer.0.expand_1x1.activation,SiLUActivation,-0.27846,53.76774,53.76774,7,25,2.9802322387695312e-08,64.0,False,Q6.25,32
mobilevit.encoder.layer.0.layer.0.expand_1x1,MobileViTConvLayer,-0.27846,53.76774,53.76774,7,25,2.9802322387695312e-08,64.0,False,Q6.25,32
mobilevit.encoder.layer.0.layer.0.conv_3x3.convolution,Conv2d,-42.0913,14.2576,42.0913,7,25,2.9802322387695312e-08,64.0,False,Q6.25,32
mobilevit.encoder.layer.0.layer.0.conv_3x3.normalization,BatchNorm2d,-45.99886,48.34627,48.34627,7,25,2.9802322387695312e-08,64.0,False,Q6.25,32
mobilevit.encoder.layer.0.layer.0.conv_3x3.activation,SiLUActivation,-0.27846,48.34627,48.34627,7,25,2.9802322387695312e-08,64.0,False,Q6.25,32
mobilevit.encoder.layer.0.layer.0.conv_3x3,MobileViTConvLayer,-0.27846,48.34627,48.34627,7,25,2.9802322387695312e-08,64.0,False,Q6.25,32
mobilevit.encoder.layer.0.layer.0.reduce_1x1.convolution,Conv2d,-11.70899,15.20229,15.20229,5,27,7.450580596923828e-09,16.0,False,Q4.27,32
mobilevit.encoder.layer.0.layer.0.reduce_1x1.normalization,BatchNorm2d,-11.18559,10.84018,11.18559,5,27,7.450580596923828e-09,16.0,False,Q4.27,32
mobilevit.encoder.layer.0.layer.0.reduce_1x1,MobileViTConvLayer,-11.18559,10.84018,11.18559,5,27,7.450580596923828e-09,16.0,False,Q4.27,32
mobilevit.encoder.layer.0.layer.0,MobileViTInvertedResidual,-9.47268,11.12764,11.12764,5,27,7.450580596923828e-09,16.0,False,Q4.27,32
mobilevit.encoder.layer.0,MobileViTMobileNetLayer,-9.47268,11.12764,11.12764,5,27,7.450580596923828e-09,16.0,False,Q4.27,32
mobilevit.encoder.layer.1.layer.0.expand_1x1.convolution,Conv2d,-19.6013,19.6182,19.6182,6,26,1.4901161193847656e-08,32.0,False,Q5.26,32
mobilevit.encoder.layer.1.layer.0.expand_1x1.normalization,BatchNorm2d,-110.59167,175.00673,175.00673,9,23,1.1920928955078125e-07,256.0,False,Q8.23,32
mobilevit.encoder.layer.1.layer.0.expand_1x1.activation,SiLUActivation,-0.27846,175.00673,175.00673,9,23,1.1920928955078125e-07,256.0,False,Q8.23,32
mobilevit.encoder.layer.1.layer.0.expand_1x1,MobileViTConvLayer,-0.27846,175.00673,175.00673,9,23,1.1920928955078125e-07,256.0,False,Q8.23,32
mobilevit.encoder.layer.1.layer.0.conv_3x3.convolution,Conv2d,-61.38265,112.32256,112.32256,8,24,5.960464477539063e-08,128.0,False,Q7.24,32
mobilevit.encoder.layer.1.layer.0.conv_3x3.normalization,BatchNorm2d,-16.97836,13.27618,16.97836,6,26,1.4901161193847656e-08,32.0,False,Q5.26,32
mobilevit.encoder.layer.1.layer.0.conv_3x3.activation,SiLUActivation,-0.27846,13.27616,13.27616,5,27,7.450580596923828e-09,16.0,False,Q4.27,32
mobilevit.encoder.layer.1.layer.0.conv_3x3,MobileViTConvLayer,-0.27846,13.27616,13.27616,5,27,7.450580596923828e-09,16.0,False,Q4.27,32
mobilevit.encoder.layer.1.layer.0.reduce_1x1.convolution,Conv2d,-9.88317,7.82174,9.88317,5,27,7.450580596923828e-09,16.0,False,Q4.27,32
mobilevit.encoder.layer.1.layer.0.reduce_1x1.normalization,BatchNorm2d,-2.56282,1.90533,2.56282,3,29,1.862645149230957e-09,4.0,False,Q2.29,32
mobilevit.encoder.layer.1.layer.0.reduce_1x1,MobileViTConvLayer,-2.56282,1.90533,2.56282,3,29,1.862645149230957e-09,4.0,False,Q2.29,32
mobilevit.encoder.layer.1.layer.0,MobileViTInvertedResidual,-2.56282,1.90533,2.56282,3,29,1.862645149230957e-09,4.0,False,Q2.29,32
mobilevit.encoder.layer.1.layer.1.expand_1x1.convolution,Conv2d,-4.10954,3.12913,4.10954,4,28,3.725290298461914e-09,8.0,False,Q3.28,32
mobilevit.encoder.layer.1.layer.1.expand_1x1.normalization,BatchNorm2d,-16.66977,33.42659,33.42659,7,25,2.9802322387695312e-08,64.0,False,Q6.25,32
mobilevit.encoder.layer.1.layer.1.expand_1x1.activation,SiLUActivation,-0.27846,33.42659,33.42659,7,25,2.9802322387695312e-08,64.0,False,Q6.25,32
mobilevit.encoder.layer.1.layer.1.expand_1x1,MobileViTConvLayer,-0.27846,33.42659,33.42659,7,25,2.9802322387695312e-08,64.0,False,Q6.25,32
mobilevit.encoder.layer.1.layer.1.conv_3x3.convolution,Conv2d,-7.01018,34.69381,34.69381,7,25,2.9802322387695312e-08,64.0,False,Q6.25,32
mobilevit.encoder.layer.1.layer.1.conv_3x3.normalization,BatchNorm2d,-26.02643,23.13963,26.02643,6,26,1.4901161193847656e-08,32.0,False,Q5.26,32
mobilevit.encoder.layer.1.layer.1.conv_3x3.activation,SiLUActivation,-0.27846,23.13963,23.13963,6,26,1.4901161193847656e-08,32.0,False,Q5.26,32
mobilevit.encoder.layer.1.layer.1.conv_3x3,MobileViTConvLayer,-0.27846,23.13963,23.13963,6,26,1.4901161193847656e-08,32.0,False,Q5.26,32
mobilevit.encoder.layer.1.layer.1.reduce_1x1.convolution,Conv2d,-10.77851,18.71931,18.71931,6,26,1.4901161193847656e-08,32.0,False,Q5.26,32
mobilevit.encoder.layer.1.layer.1.reduce_1x1.normalization,BatchNorm2d,-2.59233,2.31836,2.59233,3,29,1.862645149230957e-09,4.0,False,Q2.29,32
mobilevit.encoder.layer.1.layer.1.reduce_1x1,MobileViTConvLayer,-2.59233,2.31836,2.59233,3,29,1.862645149230957e-09,4.0,False,Q2.29,32
mobilevit.encoder.layer.1.layer.1,MobileViTInvertedResidual,-2.87031,3.58279,3.58279,3,29,1.862645149230957e-09,4.0,False,Q2.29,32
mobilevit.encoder.layer.1.layer.2.expand_1x1.convolution,Conv2d,-3.99962,3.27095,3.99962,3,29,1.862645149230957e-09,4.0,False,Q2.29,32
mobilevit.encoder.layer.1.layer.2.expand_1x1.normalization,BatchNorm2d,-27.80298,17.65608,27.80298,6,26,1.4901161193847656e-08,32.0,False,Q5.26,32
mobilevit.encoder.layer.1.layer.2.expand_1x1.activation,SiLUActivation,-0.27846,17.65608,17.65608,6,26,1.4901161193847656e-08,32.0,False,Q5.26,32
mobilevit.encoder.layer.1.layer.2.expand_1x1,MobileViTConvLayer,-0.27846,17.65608,17.65608,6,26,1.4901161193847656e-08,32.0,False,Q5.26,32
mobilevit.encoder.layer.1.layer.2.conv_3x3.convolution,Conv2d,-15.94913,10.36885,15.94913,5,27,7.450580596923828e-09,16.0,False,Q4.27,32
mobilevit.encoder.layer.1.layer.2.conv_3x3.normalization,BatchNorm2d,-11.63175,12.98036,12.98036,5,27,7.450580596923828e-09,16.0,False,Q4.27,32
mobilevit.encoder.layer.1.layer.2.conv_3x3.activation,SiLUActivation,-0.27846,12.98033,12.98033,5,27,7.450580596923828e-09,16.0,False,Q4.27,32
mobilevit.encoder.layer.1.layer.2.conv_3x3,MobileViTConvLayer,-0.27846,12.98033,12.98033,5,27,7.450580596923828e-09,16.0,False,Q4.27,32
mobilevit.encoder.layer.1.layer.2.reduce_1x1.convolution,Conv2d,-5.61492,6.57319,6.57319,4,28,3.725290298461914e-09,8.0,False,Q3.28,32
mobilevit.encoder.layer.1.layer.2.reduce_1x1.normalization,BatchNorm2d,-2.30066,2.67626,2.67626,3,29,1.862645149230957e-09,4.0,False,Q2.29,32
mobilevit.encoder.layer.1.layer.2.reduce_1x1,MobileViTConvLayer,-2.30066,2.67626,2.67626,3,29,1.862645149230957e-09,4.0,False,Q2.29,32
mobilevit.encoder.layer.1.layer.2,MobileViTInvertedResidual,-2.95433,3.52995,3.52995,3,29,1.862645149230957e-09,4.0,False,Q2.29,32
mobilevit.encoder.layer.1,MobileViTMobileNetLayer,-2.95433,3.52995,3.52995,3,29,1.862645149230957e-09,4.0,False,Q2.29,32
mobilevit.encoder.layer.2.downsampling_layer.expand_1x1.convolution,Conv2d,-5.22095,5.23454,5.23454,4,28,3.725290298461914e-09,8.0,False,Q3.28,32
mobilevit.encoder.layer.2.downsampling_layer.expand_1x1.normalization,BatchNorm2d,-34.6004,50.4627,50.4627,7,25,2.9802322387695312e-08,64.0,False,Q6.25,32
mobilevit.encoder.layer.2.downsampling_layer.expand_1x1.activation,SiLUActivation,-0.27846,50.4627,50.4627,7,25,2.9802322387695312e-08,64.0,False,Q6.25,32
mobilevit.encoder.layer.2.downsampling_layer.expand_1x1,MobileViTConvLayer,-0.27846,50.4627,50.4627,7,25,2.9802322387695312e-08,64.0,False,Q6.25,32
mobilevit.encoder.layer.2.downsampling_layer.conv_3x3.convolution,Conv2d,-31.4862,8.18357,31.4862,6,26,1.4901161193847656e-08,32.0,False,Q5.26,32
mobilevit.encoder.layer.2.downsampling_layer.conv_3x3.normalization,BatchNorm2d,-8.6641,5.21203,8.6641,5,27,7.450580596923828e-09,16.0,False,Q4.27,32
mobilevit.encoder.layer.2.downsampling_layer.conv_3x3.activation,SiLUActivation,-0.27846,5.18377,5.18377,4,28,3.725290298461914e-09,8.0,False,Q3.28,32
mobilevit.encoder.layer.2.downsampling_layer.conv_3x3,MobileViTConvLayer,-0.27846,5.18377,5.18377,4,28,3.725290298461914e-09,8.0,False,Q3.28,32
mobilevit.encoder.layer.2.downsampling_layer.reduce_1x1.convolution,Conv2d,-5.38702,4.21839,5.38702,4,28,3.725290298461914e-09,8.0,False,Q3.28,32
mobilevit.encoder.layer.2.downsampling_layer.reduce_1x1.normalization,BatchNorm2d,-1.50008,1.42469,1.50008,2,30,9.313225746154785e-10,2.0,False,Q1.30,32
mobilevit.encoder.layer.2.downsampling_layer.reduce_1x1,MobileViTConvLayer,-1.50008,1.42469,1.50008,2,30,9.313225746154785e-10,2.0,False,Q1.30,32
mobilevit.encoder.layer.2.downsampling_layer,MobileViTInvertedResidual,-1.50008,1.42469,1.50008,2,30,9.313225746154785e-10,2.0,False,Q1.30,32
mobilevit.encoder.layer.2.conv_kxk.convolution,Conv2d,-8.13819,6.0251,8.13819,5,27,7.450580596923828e-09,16.0,False,Q4.27,32
mobilevit.encoder.layer.2.conv_kxk.normalization,BatchNorm2d,-5.82363,4.42478,5.82363,4,28,3.725290298461914e-09,8.0,False,Q3.28,32
mobilevit.encoder.layer.2.conv_kxk.activation,SiLUActivation,-0.27846,4.37241,4.37241,4,28,3.725290298461914e-09,8.0,False,Q3.28,32
mobilevit.encoder.layer.2.conv_kxk,MobileViTConvLayer,-0.27846,4.37241,4.37241,4,28,3.725290298461914e-09,8.0,False,Q3.28,32
mobilevit.encoder.layer.2.conv_1x1.convolution,Conv2d,-3.81931,4.3105,4.3105,4,28,3.725290298461914e-09,8.0,False,Q3.28,32
mobilevit.encoder.layer.2.conv_1x1,MobileViTConvLayer,-3.81931,4.3105,4.3105,4,28,3.725290298461914e-09,8.0,False,Q3.28,32
mobilevit.encoder.layer.2.transformer.layer.0.layernorm_before,LayerNorm,-1.64654,1.86882,1.86882,2,30,9.313225746154785e-10,2.0,False,Q1.30,32
mobilevit.encoder.layer.2.transformer.layer.0.attention.attention.query,Linear,-7.59158,6.55299,7.59158,4,28,3.725290298461914e-09,8.0,False,Q3.28,32
mobilevit.encoder.layer.2.transformer.layer.0.attention.attention.key,Linear,-6.24356,6.57498,6.57498,4,28,3.725290298461914e-09,8.0,False,Q3.28,32
mobilevit.encoder.layer.2.transformer.layer.0.attention.attention.value,Linear,-3.2204,2.66573,3.2204,3,29,1.862645149230957e-09,4.0,False,Q2.29,32
mobilevit.encoder.layer.2.transformer.layer.0.attention.attention.dropout,Dropout,0.0,0.99325,0.99325,1,31,4.656612873077393e-10,1.0,False,Q0.31,32
mobilevit.encoder.layer.2.transformer.layer.0.attention.attention,MobileViTSelfAttention,-1.57537,1.65252,1.65252,2,30,9.313225746154785e-10,2.0,False,Q1.30,32
mobilevit.encoder.layer.2.transformer.layer.0.attention.output.dense,Linear,-1.46292,1.38512,1.46292,2,30,9.313225746154785e-10,2.0,False,Q1.30,32
mobilevit.encoder.layer.2.transformer.layer.0.attention.output.dropout,Dropout,-1.46292,1.38512,1.46292,2,30,9.313225746154785e-10,2.0,False,Q1.30,32
mobilevit.encoder.layer.2.transformer.layer.0.attention.output,MobileViTSelfOutput,-1.46292,1.38512,1.46292,2,30,9.313225746154785e-10,2.0,False,Q1.30,32
mobilevit.encoder.layer.2.transformer.layer.0.attention,MobileViTAttention,-1.46292,1.38512,1.46292,2,30,9.313225746154785e-10,2.0,False,Q1.30,32
mobilevit.encoder.layer.2.transformer.layer.0.layernorm_after,LayerNorm,-2.96166,2.71772,2.96166,3,29,1.862645149230957e-09,4.0,False,Q2.29,32
mobilevit.encoder.layer.2.transformer.layer.0.intermediate.dense,Linear,-9.63008,3.84044,9.63008,5,27,7.450580596923828e-09,16.0,False,Q4.27,32
mobilevit.encoder.layer.2.transformer.layer.0.intermediate.intermediate_act_fn,SiLUActivation,-0.27846,3.75967,3.75967,3,29,1.862645149230957e-09,4.0,False,Q2.29,32
mobilevit.encoder.layer.2.transformer.layer.0.intermediate,MobileViTIntermediate,-0.27846,3.75967,3.75967,3,29,1.862645149230957e-09,4.0,False,Q2.29,32
mobilevit.encoder.layer.2.transformer.layer.0.output.dense,Linear,-3.22855,3.19727,3.22855,3,29,1.862645149230957e-09,4.0,False,Q2.29,32
mobilevit.encoder.layer.2.transformer.layer.0.output.dropout,Dropout,-3.22855,3.19727,3.22855,3,29,1.862645149230957e-09,4.0,False,Q2.29,32
mobilevit.encoder.layer.2.transformer.layer.0.output,MobileViTOutput,-4.09565,4.61622,4.61622,4,28,3.725290298461914e-09,8.0,False,Q3.28,32
mobilevit.encoder.layer.2.transformer.layer.0,MobileViTTransformerLayer,-4.09565,4.61622,4.61622,4,28,3.725290298461914e-09,8.0,False,Q3.28,32
mobilevit.encoder.layer.2.transformer.layer.1.layernorm_before,LayerNorm,-2.22569,2.15698,2.22569,3,29,1.862645149230957e-09,4.0,False,Q2.29,32
mobilevit.encoder.layer.2.transformer.layer.1.attention.attention.query,Linear,-7.03299,6.75349,7.03299,4,28,3.725290298461914e-09,8.0,False,Q3.28,32
mobilevit.encoder.layer.2.transformer.layer.1.attention.attention.key,Linear,-6.64802,6.15141,6.64802,4,28,3.725290298461914e-09,8.0,False,Q3.28,32
mobilevit.encoder.layer.2.transformer.layer.1.attention.attention.value,Linear,-4.05381,3.66672,4.05381,4,28,3.725290298461914e-09,8.0,False,Q3.28,32
mobilevit.encoder.layer.2.transformer.layer.1.attention.attention.dropout,Dropout,0.0,0.99588,0.99588,1,31,4.656612873077393e-10,1.0,False,Q0.31,32
mobilevit.encoder.layer.2.transformer.layer.1.attention.attention,MobileViTSelfAttention,-2.346,3.29174,3.29174,3,29,1.862645149230957e-09,4.0,False,Q2.29,32
mobilevit.encoder.layer.2.transformer.layer.1.attention.output.dense,Linear,-2.36324,2.19853,2.36324,3,29,1.862645149230957e-09,4.0,False,Q2.29,32
mobilevit.encoder.layer.2.transformer.layer.1.attention.output.dropout,Dropout,-2.36324,2.19853,2.36324,3,29,1.862645149230957e-09,4.0,False,Q2.29,32
mobilevit.encoder.layer.2.transformer.layer.1.attention.output,MobileViTSelfOutput,-2.36324,2.19853,2.36324,3,29,1.862645149230957e-09,4.0,False,Q2.29,32
mobilevit.encoder.layer.2.transformer.layer.1.attention,MobileViTAttention,-2.36324,2.19853,2.36324,3,29,1.862645149230957e-09,4.0,False,Q2.29,32
mobilevit.encoder.layer.2.transformer.layer.1.layernorm_after,LayerNorm,-2.8294,4.11513,4.11513,4,28,3.725290298461914e-09,8.0,False,Q3.28,32
mobilevit.encoder.layer.2.transformer.layer.1.intermediate.dense,Linear,-7.34429,3.71227,7.34429,4,28,3.725290298461914e-09,8.0,False,Q3.28,32
mobilevit.encoder.layer.2.transformer.layer.1.intermediate.intermediate_act_fn,SiLUActivation,-0.27846,3.62377,3.62377,3,29,1.862645149230957e-09,4.0,False,Q2.29,32
mobilevit.encoder.layer.2.transformer.layer.1.intermediate,MobileViTIntermediate,-0.27846,3.62377,3.62377,3,29,1.862645149230957e-09,4.0,False,Q2.29,32
mobilevit.encoder.layer.2.transformer.layer.1.output.dense,Linear,-4.15311,7.80744,7.80744,4,28,3.725290298461914e-09,8.0,False,Q3.28,32
mobilevit.encoder.layer.2.transformer.layer.1.output.dropout,Dropout,-4.15311,7.80744,7.80744,4,28,3.725290298461914e-09,8.0,False,Q3.28,32
mobilevit.encoder.layer.2.transformer.layer.1.output,MobileViTOutput,-5.28445,8.53617,8.53617,5,27,7.450580596923828e-09,16.0,False,Q4.27,32
mobilevit.encoder.layer.2.transformer.layer.1,MobileViTTransformerLayer,-5.28445,8.53617,8.53617,5,27,7.450580596923828e-09,16.0,False,Q4.27,32
mobilevit.encoder.layer.2.transformer,MobileViTTransformer,-5.28445,8.53617,8.53617,5,27,7.450580596923828e-09,16.0,False,Q4.27,32
mobilevit.encoder.layer.2.layernorm,LayerNorm,-1.3332,1.23479,1.3332,2,30,9.313225746154785e-10,2.0,False,Q1.30,32
mobilevit.encoder.layer.2.conv_projection.convolution,Conv2d,-1.80824,2.29185,2.29185,3,29,1.862645149230957e-09,4.0,False,Q2.29,32
mobilevit.encoder.layer.2.conv_projection.normalization,BatchNorm2d,-3.22868,2.99186,3.22868,3,29,1.862645149230957e-09,4.0,False,Q2.29,32
mobilevit.encoder.layer.2.conv_projection.activation,SiLUActivation,-0.27846,2.84887,2.84887,3,29,1.862645149230957e-09,4.0,False,Q2.29,32
mobilevit.encoder.layer.2.conv_projection,MobileViTConvLayer,-0.27846,2.84887,2.84887,3,29,1.862645149230957e-09,4.0,False,Q2.29,32
mobilevit.encoder.layer.2.fusion.convolution,Conv2d,-12.15782,10.04288,12.15782,5,27,7.450580596923828e-09,16.0,False,Q4.27,32
mobilevit.encoder.layer.2.fusion.normalization,BatchNorm2d,-4.08206,2.38791,4.08206,4,28,3.725290298461914e-09,8.0,False,Q3.28,32
mobilevit.encoder.layer.2.fusion.activation,SiLUActivation,-0.27846,2.18709,2.18709,3,29,1.862645149230957e-09,4.0,False,Q2.29,32
mobilevit.encoder.layer.2.fusion,MobileViTConvLayer,-0.27846,2.18709,2.18709,3,29,1.862645149230957e-09,4.0,False,Q2.29,32
mobilevit.encoder.layer.2,MobileViTLayer,-0.27846,2.18709,2.18709,3,29,1.862645149230957e-09,4.0,False,Q2.29,32
mobilevit.encoder.layer.3.downsampling_layer.expand_1x1.convolution,Conv2d,-1.91663,2.54687,2.54687,3,29,1.862645149230957e-09,4.0,False,Q2.29,32
mobilevit.encoder.layer.3.downsampling_layer.expand_1x1.normalization,BatchNorm2d,-7.91587,13.43818,13.43818,5,27,7.450580596923828e-09,16.0,False,Q4.27,32
mobilevit.encoder.layer.3.downsampling_layer.expand_1x1.activation,SiLUActivation,-0.27846,13.43816,13.43816,5,27,7.450580596923828e-09,16.0,False,Q4.27,32
mobilevit.encoder.layer.3.downsampling_layer.expand_1x1,MobileViTConvLayer,-0.27846,13.43816,13.43816,5,27,7.450580596923828e-09,16.0,False,Q4.27,32
mobilevit.encoder.layer.3.downsampling_layer.conv_3x3.convolution,Conv2d,-9.26856,8.58547,9.26856,5,27,7.450580596923828e-09,16.0,False,Q4.27,32
mobilevit.encoder.layer.3.downsampling_layer.conv_3x3.normalization,BatchNorm2d,-6.1544,5.81367,6.1544,4,28,3.725290298461914e-09,8.0,False,Q3.28,32
mobilevit.encoder.layer.3.downsampling_layer.conv_3x3.activation,SiLUActivation,-0.27846,5.79636,5.79636,4,28,3.725290298461914e-09,8.0,False,Q3.28,32
mobilevit.encoder.layer.3.downsampling_layer.conv_3x3,MobileViTConvLayer,-0.27846,5.79636,5.79636,4,28,3.725290298461914e-09,8.0,False,Q3.28,32
mobilevit.encoder.layer.3.downsampling_layer.reduce_1x1.convolution,Conv2d,-5.16398,7.38011,7.38011,4,28,3.725290298461914e-09,8.0,False,Q3.28,32
mobilevit.encoder.layer.3.downsampling_layer.reduce_1x1.normalization,BatchNorm2d,-1.92763,1.6252,1.92763,2,30,9.313225746154785e-10,2.0,False,Q1.30,32
mobilevit.encoder.layer.3.downsampling_layer.reduce_1x1,MobileViTConvLayer,-1.92763,1.6252,1.92763,2,30,9.313225746154785e-10,2.0,False,Q1.30,32
mobilevit.encoder.layer.3.downsampling_layer,MobileViTInvertedResidual,-1.92763,1.6252,1.92763,2,30,9.313225746154785e-10,2.0,False,Q1.30,32
mobilevit.encoder.layer.3.conv_kxk.convolution,Conv2d,-12.21232,10.30902,12.21232,5,27,7.450580596923828e-09,16.0,False,Q4.27,32
mobilevit.encoder.layer.3.conv_kxk.normalization,BatchNorm2d,-7.33606,4.73241,7.33606,4,28,3.725290298461914e-09,8.0,False,Q3.28,32
mobilevit.encoder.layer.3.conv_kxk.activation,SiLUActivation,-0.27846,4.6911,4.6911,4,28,3.725290298461914e-09,8.0,False,Q3.28,32
mobilevit.encoder.layer.3.conv_kxk,MobileViTConvLayer,-0.27846,4.6911,4.6911,4,28,3.725290298461914e-09,8.0,False,Q3.28,32
mobilevit.encoder.layer.3.conv_1x1.convolution,Conv2d,-5.8344,4.6939,5.8344,4,28,3.725290298461914e-09,8.0,False,Q3.28,32
mobilevit.encoder.layer.3.conv_1x1,MobileViTConvLayer,-5.8344,4.6939,5.8344,4,28,3.725290298461914e-09,8.0,False,Q3.28,32
mobilevit.encoder.layer.3.transformer.layer.0.layernorm_before,LayerNorm,-1.41051,1.47245,1.47245,2,30,9.313225746154785e-10,2.0,False,Q1.30,32
mobilevit.encoder.layer.3.transformer.layer.0.attention.attention.query,Linear,-4.74179,4.47143,4.74179,4,28,3.725290298461914e-09,8.0,False,Q3.28,32
mobilevit.encoder.layer.3.transformer.layer.0.attention.attention.key,Linear,-4.72501,4.48595,4.72501,4,28,3.725290298461914e-09,8.0,False,Q3.28,32
mobilevit.encoder.layer.3.transformer.layer.0.attention.attention.value,Linear,-2.08885,2.03918,2.08885,3,29,1.862645149230957e-09,4.0,False,Q2.29,32
mobilevit.encoder.layer.3.transformer.layer.0.attention.attention.dropout,Dropout,0.0,0.95685,0.95685,1,31,4.656612873077393e-10,1.0,False,Q0.31,32
mobilevit.encoder.layer.3.transformer.layer.0.attention.attention,MobileViTSelfAttention,-1.47899,0.95562,1.47899,2,30,9.313225746154785e-10,2.0,False,Q1.30,32
mobilevit.encoder.layer.3.transformer.layer.0.attention.output.dense,Linear,-1.80489,1.52541,1.80489,2,30,9.313225746154785e-10,2.0,False,Q1.30,32
mobilevit.encoder.layer.3.transformer.layer.0.attention.output.dropout,Dropout,-1.80489,1.52541,1.80489,2,30,9.313225746154785e-10,2.0,False,Q1.30,32
mobilevit.encoder.layer.3.transformer.layer.0.attention.output,MobileViTSelfOutput,-1.80489,1.52541,1.80489,2,30,9.313225746154785e-10,2.0,False,Q1.30,32
mobilevit.encoder.layer.3.transformer.layer.0.attention,MobileViTAttention,-1.80489,1.52541,1.80489,2,30,9.313225746154785e-10,2.0,False,Q1.30,32
mobilevit.encoder.layer.3.transformer.layer.0.layernorm_after,LayerNorm,-3.61707,2.54064,3.61707,3,29,1.862645149230957e-09,4.0,False,Q2.29,32
mobilevit.encoder.layer.3.transformer.layer.0.intermediate.dense,Linear,-8.82201,4.44119,8.82201,5,27,7.450580596923828e-09,16.0,False,Q4.27,32
mobilevit.encoder.layer.3.transformer.layer.0.intermediate.intermediate_act_fn,SiLUActivation,-0.27846,4.38947,4.38947,4,28,3.725290298461914e-09,8.0,False,Q3.28,32
mobilevit.encoder.layer.3.transformer.layer.0.intermediate,MobileViTIntermediate,-0.27846,4.38947,4.38947,4,28,3.725290298461914e-09,8.0,False,Q3.28,32
mobilevit.encoder.layer.3.transformer.layer.0.output.dense,Linear,-2.79979,3.7972,3.7972,3,29,1.862645149230957e-09,4.0,False,Q2.29,32
mobilevit.encoder.layer.3.transformer.layer.0.output.dropout,Dropout,-2.79979,3.7972,3.7972,3,29,1.862645149230957e-09,4.0,False,Q2.29,32
mobilevit.encoder.layer.3.transformer.layer.0.output,MobileViTOutput,-6.48707,5.97565,6.48707,4,28,3.725290298461914e-09,8.0,False,Q3.28,32
mobilevit.encoder.layer.3.transformer.layer.0,MobileViTTransformerLayer,-6.48707,5.97565,6.48707,4,28,3.725290298461914e-09,8.0,False,Q3.28,32
mobilevit.encoder.layer.3.transformer.layer.1.layernorm_before,LayerNorm,-1.77074,1.81589,1.81589,2,30,9.313225746154785e-10,2.0,False,Q1.30,32
mobilevit.encoder.layer.3.transformer.layer.1.attention.attention.query,Linear,-6.30996,5.36244,6.30996,4,28,3.725290298461914e-09,8.0,False,Q3.28,32
mobilevit.encoder.layer.3.transformer.layer.1.attention.attention.key,Linear,-6.04306,6.41674,6.41674,4,28,3.725290298461914e-09,8.0,False,Q3.28,32
mobilevit.encoder.layer.3.transformer.layer.1.attention.attention.value,Linear,-2.75055,2.89982,2.89982,3,29,1.862645149230957e-09,4.0,False,Q2.29,32
mobilevit.encoder.layer.3.transformer.layer.1.attention.attention.dropout,Dropout,0.0,0.99844,0.99844,1,31,4.656612873077393e-10,1.0,False,Q0.31,32
mobilevit.encoder.layer.3.transformer.layer.1.attention.attention,MobileViTSelfAttention,-1.98424,2.4074,2.4074,3,29,1.862645149230957e-09,4.0,False,Q2.29,32
mobilevit.encoder.layer.3.transformer.layer.1.attention.output.dense,Linear,-2.67003,2.48944,2.67003,3,29,1.862645149230957e-09,4.0,False,Q2.29,32
mobilevit.encoder.layer.3.transformer.layer.1.attention.output.dropout,Dropout,-2.67003,2.48944,2.67003,3,29,1.862645149230957e-09,4.0,False,Q2.29,32
mobilevit.encoder.layer.3.transformer.layer.1.attention.output,MobileViTSelfOutput,-2.67003,2.48944,2.67003,3,29,1.862645149230957e-09,4.0,False,Q2.29,32
mobilevit.encoder.layer.3.transformer.layer.1.attention,MobileViTAttention,-2.67003,2.48944,2.67003,3,29,1.862645149230957e-09,4.0,False,Q2.29,32
mobilevit.encoder.layer.3.transformer.layer.1.layernorm_after,LayerNorm,-3.50454,2.79217,3.50454,3,29,1.862645149230957e-09,4.0,False,Q2.29,32
mobilevit.encoder.layer.3.transformer.layer.1.intermediate.dense,Linear,-8.46972,4.23142,8.46972,5,27,7.450580596923828e-09,16.0,False,Q4.27,32
mobilevit.encoder.layer.3.transformer.layer.1.intermediate.intermediate_act_fn,SiLUActivation,-0.27846,4.17081,4.17081,4,28,3.725290298461914e-09,8.0,False,Q3.28,32
mobilevit.encoder.layer.3.transformer.layer.1.intermediate,MobileViTIntermediate,-0.27846,4.17081,4.17081,4,28,3.725290298461914e-09,8.0,False,Q3.28,32
mobilevit.encoder.layer.3.transformer.layer.1.output.dense,Linear,-3.0479,3.57176,3.57176,3,29,1.862645149230957e-09,4.0,False,Q2.29,32
mobilevit.encoder.layer.3.transformer.layer.1.output.dropout,Dropout,-3.0479,3.57176,3.57176,3,29,1.862645149230957e-09,4.0,False,Q2.29,32
mobilevit.encoder.layer.3.transformer.layer.1.output,MobileViTOutput,-7.9658,7.16567,7.9658,4,28,3.725290298461914e-09,8.0,False,Q3.28,32
mobilevit.encoder.layer.3.transformer.layer.1,MobileViTTransformerLayer,-7.9658,7.16567,7.9658,4,28,3.725290298461914e-09,8.0,False,Q3.28,32
mobilevit.encoder.layer.3.transformer.layer.2.layernorm_before,LayerNorm,-1.81669,1.75726,1.81669,2,30,9.313225746154785e-10,2.0,False,Q1.30,32
mobilevit.encoder.layer.3.transformer.layer.2.attention.attention.query,Linear,-5.7384,5.55008,5.7384,4,28,3.725290298461914e-09,8.0,False,Q3.28,32
mobilevit.encoder.layer.3.transformer.layer.2.attention.attention.key,Linear,-6.12197,4.77891,6.12197,4,28,3.725290298461914e-09,8.0,False,Q3.28,32
mobilevit.encoder.layer.3.transformer.layer.2.attention.attention.value,Linear,-3.49905,3.62953,3.62953,3,29,1.862645149230957e-09,4.0,False,Q2.29,32
mobilevit.encoder.layer.3.transformer.layer.2.attention.attention.dropout,Dropout,0.0,0.98698,0.98698,1,31,4.656612873077393e-10,1.0,False,Q0.31,32
mobilevit.encoder.layer.3.transformer.layer.2.attention.attention,MobileViTSelfAttention,-2.12799,2.52388,2.52388,3,29,1.862645149230957e-09,4.0,False,Q2.29,32
mobilevit.encoder.layer.3.transformer.layer.2.attention.output.dense,Linear,-2.81859,2.98918,2.98918,3,29,1.862645149230957e-09,4.0,False,Q2.29,32
mobilevit.encoder.layer.3.transformer.layer.2.attention.output.dropout,Dropout,-2.81859,2.98918,2.98918,3,29,1.862645149230957e-09,4.0,False,Q2.29,32
mobilevit.encoder.layer.3.transformer.layer.2.attention.output,MobileViTSelfOutput,-2.81859,2.98918,2.98918,3,29,1.862645149230957e-09,4.0,False,Q2.29,32
mobilevit.encoder.layer.3.transformer.layer.2.attention,MobileViTAttention,-2.81859,2.98918,2.98918,3,29,1.862645149230957e-09,4.0,False,Q2.29,32
mobilevit.encoder.layer.3.transformer.layer.2.layernorm_after,LayerNorm,-4.35556,2.82737,4.35556,4,28,3.725290298461914e-09,8.0,False,Q3.28,32
mobilevit.encoder.layer.3.transformer.layer.2.intermediate.dense,Linear,-8.78147,5.34805,8.78147,5,27,7.450580596923828e-09,16.0,False,Q4.27,32
mobilevit.encoder.layer.3.transformer.layer.2.intermediate.intermediate_act_fn,SiLUActivation,-0.27846,5.32273,5.32273,4,28,3.725290298461914e-09,8.0,False,Q3.28,32
mobilevit.encoder.layer.3.transformer.layer.2.intermediate,MobileViTIntermediate,-0.27846,5.32273,5.32273,4,28,3.725290298461914e-09,8.0,False,Q3.28,32
mobilevit.encoder.layer.3.transformer.layer.2.output.dense,Linear,-5.85354,6.09701,6.09701,4,28,3.725290298461914e-09,8.0,False,Q3.28,32
mobilevit.encoder.layer.3.transformer.layer.2.output.dropout,Dropout,-5.85354,6.09701,6.09701,4,28,3.725290298461914e-09,8.0,False,Q3.28,32
mobilevit.encoder.layer.3.transformer.layer.2.output,MobileViTOutput,-9.49832,9.97096,9.97096,5,27,7.450580596923828e-09,16.0,False,Q4.27,32
mobilevit.encoder.layer.3.transformer.layer.2,MobileViTTransformerLayer,-9.49832,9.97096,9.97096,5,27,7.450580596923828e-09,16.0,False,Q4.27,32
mobilevit.encoder.layer.3.transformer.layer.3.layernorm_before,LayerNorm,-2.09854,1.86795,2.09854,3,29,1.862645149230957e-09,4.0,False,Q2.29,32
mobilevit.encoder.layer.3.transformer.layer.3.attention.attention.query,Linear,-4.76735,4.943,4.943,4,28,3.725290298461914e-09,8.0,False,Q3.28,32
mobilevit.encoder.layer.3.transformer.layer.3.attention.attention.key,Linear,-5.08328,5.84514,5.84514,4,28,3.725290298461914e-09,8.0,False,Q3.28,32
mobilevit.encoder.layer.3.transformer.layer.3.attention.attention.value,Linear,-3.22532,2.77358,3.22532,3,29,1.862645149230957e-09,4.0,False,Q2.29,32
mobilevit.encoder.layer.3.transformer.layer.3.attention.attention.dropout,Dropout,0.0,0.932,0.932,1,31,4.656612873077393e-10,1.0,False,Q0.31,32
mobilevit.encoder.layer.3.transformer.layer.3.attention.attention,MobileViTSelfAttention,-2.30016,1.94533,2.30016,3,29,1.862645149230957e-09,4.0,False,Q2.29,32
mobilevit.encoder.layer.3.transformer.layer.3.attention.output.dense,Linear,-2.85731,3.30206,3.30206,3,29,1.862645149230957e-09,4.0,False,Q2.29,32
mobilevit.encoder.layer.3.transformer.layer.3.attention.output.dropout,Dropout,-2.85731,3.30206,3.30206,3,29,1.862645149230957e-09,4.0,False,Q2.29,32
mobilevit.encoder.layer.3.transformer.layer.3.attention.output,MobileViTSelfOutput,-2.85731,3.30206,3.30206,3,29,1.862645149230957e-09,4.0,False,Q2.29,32
mobilevit.encoder.layer.3.transformer.layer.3.attention,MobileViTAttention,-2.85731,3.30206,3.30206,3,29,1.862645149230957e-09,4.0,False,Q2.29,32
mobilevit.encoder.layer.3.transformer.layer.3.layernorm_after,LayerNorm,-3.7933,2.89682,3.7933,3,29,1.862645149230957e-09,4.0,False,Q2.29,32
mobilevit.encoder.layer.3.transformer.layer.3.intermediate.dense,Linear,-9.06008,5.28154,9.06008,5,27,7.450580596923828e-09,16.0,False,Q4.27,32
mobilevit.encoder.layer.3.transformer.layer.3.intermediate.intermediate_act_fn,SiLUActivation,-0.27846,5.25482,5.25482,4,28,3.725290298461914e-09,8.0,False,Q3.28,32
mobilevit.encoder.layer.3.transformer.layer.3.intermediate,MobileViTIntermediate,-0.27846,5.25482,5.25482,4,28,3.725290298461914e-09,8.0,False,Q3.28,32
mobilevit.encoder.layer.3.transformer.layer.3.output.dense,Linear,-9.63624,17.64873,17.64873,6,26,1.4901161193847656e-08,32.0,False,Q5.26,32
mobilevit.encoder.layer.3.transformer.layer.3.output.dropout,Dropout,-9.63624,17.64873,17.64873,6,26,1.4901161193847656e-08,32.0,False,Q5.26,32
mobilevit.encoder.layer.3.transformer.layer.3.output,MobileViTOutput,-15.42174,18.94748,18.94748,6,26,1.4901161193847656e-08,32.0,False,Q5.26,32
mobilevit.encoder.layer.3.transformer.layer.3,MobileViTTransformerLayer,-15.42174,18.94748,18.94748,6,26,1.4901161193847656e-08,32.0,False,Q5.26,32
mobilevit.encoder.layer.3.transformer,MobileViTTransformer,-15.42174,18.94748,18.94748,6,26,1.4901161193847656e-08,32.0,False,Q5.26,32
mobilevit.encoder.layer.3.layernorm,LayerNorm,-1.18883,0.97355,1.18883,2,30,9.313225746154785e-10,2.0,False,Q1.30,32
mobilevit.encoder.layer.3.conv_projection.convolution,Conv2d,-2.26556,2.53202,2.53202,3,29,1.862645149230957e-09,4.0,False,Q2.29,32
mobilevit.encoder.layer.3.conv_projection.normalization,BatchNorm2d,-3.50029,3.40501,3.50029,3,29,1.862645149230957e-09,4.0,False,Q2.29,32
mobilevit.encoder.layer.3.conv_projection.activation,SiLUActivation,-0.27846,3.29557,3.29557,3,29,1.862645149230957e-09,4.0,False,Q2.29,32
mobilevit.encoder.layer.3.conv_projection,MobileViTConvLayer,-0.27846,3.29557,3.29557,3,29,1.862645149230957e-09,4.0,False,Q2.29,32
mobilevit.encoder.layer.3.fusion.convolution,Conv2d,-17.34546,13.5585,17.34546,6,26,1.4901161193847656e-08,32.0,False,Q5.26,32
mobilevit.encoder.layer.3.fusion.normalization,BatchNorm2d,-4.4359,3.44246,4.4359,4,28,3.725290298461914e-09,8.0,False,Q3.28,32
mobilevit.encoder.layer.3.fusion.activation,SiLUActivation,-0.27846,3.33576,3.33576,3,29,1.862645149230957e-09,4.0,False,Q2.29,32
mobilevit.encoder.layer.3.fusion,MobileViTConvLayer,-0.27846,3.33576,3.33576,3,29,1.862645149230957e-09,4.0,False,Q2.29,32
mobilevit.encoder.layer.3,MobileViTLayer,-0.27846,3.33576,3.33576,3,29,1.862645149230957e-09,4.0,False,Q2.29,32
mobilevit.encoder.layer.4.downsampling_layer.expand_1x1.convolution,Conv2d,-4.85208,3.03879,4.85208,4,28,3.725290298461914e-09,8.0,False,Q3.28,32
mobilevit.encoder.layer.4.downsampling_layer.expand_1x1.normalization,BatchNorm2d,-12.22214,17.84198,17.84198,6,26,1.4901161193847656e-08,32.0,False,Q5.26,32
mobilevit.encoder.layer.4.downsampling_layer.expand_1x1.activation,SiLUActivation,-0.27846,17.84198,17.84198,6,26,1.4901161193847656e-08,32.0,False,Q5.26,32
mobilevit.encoder.layer.4.downsampling_layer.expand_1x1,MobileViTConvLayer,-0.27846,17.84198,17.84198,6,26,1.4901161193847656e-08,32.0,False,Q5.26,32
mobilevit.encoder.layer.4.downsampling_layer.conv_3x3.convolution,Conv2d,-7.52829,3.3216,7.52829,4,28,3.725290298461914e-09,8.0,False,Q3.28,32
mobilevit.encoder.layer.4.downsampling_layer.conv_3x3.normalization,BatchNorm2d,-5.29862,6.52085,6.52085,4,28,3.725290298461914e-09,8.0,False,Q3.28,32
mobilevit.encoder.layer.4.downsampling_layer.conv_3x3.activation,SiLUActivation,-0.27846,6.51127,6.51127,4,28,3.725290298461914e-09,8.0,False,Q3.28,32
mobilevit.encoder.layer.4.downsampling_layer.conv_3x3,MobileViTConvLayer,-0.27846,6.51127,6.51127,4,28,3.725290298461914e-09,8.0,False,Q3.28,32
mobilevit.encoder.layer.4.downsampling_layer.reduce_1x1.convolution,Conv2d,-5.79336,7.98006,7.98006,4,28,3.725290298461914e-09,8.0,False,Q3.28,32
mobilevit.encoder.layer.4.downsampling_layer.reduce_1x1.normalization,BatchNorm2d,-2.24958,2.17558,2.24958,3,29,1.862645149230957e-09,4.0,False,Q2.29,32
mobilevit.encoder.layer.4.downsampling_layer.reduce_1x1,MobileViTConvLayer,-2.24958,2.17558,2.24958,3,29,1.862645149230957e-09,4.0,False,Q2.29,32
mobilevit.encoder.layer.4.downsampling_layer,MobileViTInvertedResidual,-2.24958,2.17558,2.24958,3,29,1.862645149230957e-09,4.0,False,Q2.29,32
mobilevit.encoder.layer.4.conv_kxk.convolution,Conv2d,-14.14523,17.03346,17.03346,6,26,1.4901161193847656e-08,32.0,False,Q5.26,32
mobilevit.encoder.layer.4.conv_kxk.normalization,BatchNorm2d,-4.12916,5.63981,5.63981,4,28,3.725290298461914e-09,8.0,False,Q3.28,32
mobilevit.encoder.layer.4.conv_kxk.activation,SiLUActivation,-0.27846,5.61984,5.61984,4,28,3.725290298461914e-09,8.0,False,Q3.28,32
mobilevit.encoder.layer.4.conv_kxk,MobileViTConvLayer,-0.27846,5.61984,5.61984,4,28,3.725290298461914e-09,8.0,False,Q3.28,32
mobilevit.encoder.layer.4.conv_1x1.convolution,Conv2d,-7.81977,6.70239,7.81977,4,28,3.725290298461914e-09,8.0,False,Q3.28,32
mobilevit.encoder.layer.4.conv_1x1,MobileViTConvLayer,-7.81977,6.70239,7.81977,4,28,3.725290298461914e-09,8.0,False,Q3.28,32
mobilevit.encoder.layer.4.transformer.layer.0.layernorm_before,LayerNorm,-1.17687,1.15419,1.17687,2,30,9.313225746154785e-10,2.0,False,Q1.30,32
mobilevit.encoder.layer.4.transformer.layer.0.attention.attention.query,Linear,-4.65203,4.79949,4.79949,4,28,3.725290298461914e-09,8.0,False,Q3.28,32
mobilevit.encoder.layer.4.transformer.layer.0.attention.attention.key,Linear,-4.51364,4.33089,4.51364,4,28,3.725290298461914e-09,8.0,False,Q3.28,32
mobilevit.encoder.layer.4.transformer.layer.0.attention.attention.value,Linear,-1.64242,1.62302,1.64242,2,30,9.313225746154785e-10,2.0,False,Q1.30,32
mobilevit.encoder.layer.4.transformer.layer.0.attention.attention.dropout,Dropout,0.0,0.98581,0.98581,1,31,4.656612873077393e-10,1.0,False,Q0.31,32
mobilevit.encoder.layer.4.transformer.layer.0.attention.attention,MobileViTSelfAttention,-1.28041,1.45522,1.45522,2,30,9.313225746154785e-10,2.0,False,Q1.30,32
mobilevit.encoder.layer.4.transformer.layer.0.attention.output.dense,Linear,-3.0872,2.293,3.0872,3,29,1.862645149230957e-09,4.0,False,Q2.29,32
mobilevit.encoder.layer.4.transformer.layer.0.attention.output.dropout,Dropout,-3.0872,2.293,3.0872,3,29,1.862645149230957e-09,4.0,False,Q2.29,32
mobilevit.encoder.layer.4.transformer.layer.0.attention.output,MobileViTSelfOutput,-3.0872,2.293,3.0872,3,29,1.862645149230957e-09,4.0,False,Q2.29,32
mobilevit.encoder.layer.4.transformer.layer.0.attention,MobileViTAttention,-3.0872,2.293,3.0872,3,29,1.862645149230957e-09,4.0,False,Q2.29,32
mobilevit.encoder.layer.4.transformer.layer.0.layernorm_after,LayerNorm,-4.85169,2.53848,4.85169,4,28,3.725290298461914e-09,8.0,False,Q3.28,32
mobilevit.encoder.layer.4.transformer.layer.0.intermediate.dense,Linear,-8.67472,5.00686,8.67472,5,27,7.450580596923828e-09,16.0,False,Q4.27,32
mobilevit.encoder.layer.4.transformer.layer.0.intermediate.intermediate_act_fn,SiLUActivation,-0.27846,4.97358,4.97358,4,28,3.725290298461914e-09,8.0,False,Q3.28,32
mobilevit.encoder.layer.4.transformer.layer.0.intermediate,MobileViTIntermediate,-0.27846,4.97358,4.97358,4,28,3.725290298461914e-09,8.0,False,Q3.28,32
mobilevit.encoder.layer.4.transformer.layer.0.output.dense,Linear,-4.45933,7.24846,7.24846,4,28,3.725290298461914e-09,8.0,False,Q3.28,32
mobilevit.encoder.layer.4.transformer.layer.0.output.dropout,Dropout,-4.45933,7.24846,7.24846,4,28,3.725290298461914e-09,8.0,False,Q3.28,32
mobilevit.encoder.layer.4.transformer.layer.0.output,MobileViTOutput,-8.00681,10.06393,10.06393,5,27,7.450580596923828e-09,16.0,False,Q4.27,32
mobilevit.encoder.layer.4.transformer.layer.0,MobileViTTransformerLayer,-8.00681,10.06393,10.06393,5,27,7.450580596923828e-09,16.0,False,Q4.27,32
mobilevit.encoder.layer.4.transformer.layer.1.layernorm_before,LayerNorm,-1.51359,1.52915,1.52915,2,30,9.313225746154785e-10,2.0,False,Q1.30,32
mobilevit.encoder.layer.4.transformer.layer.1.attention.attention.query,Linear,-5.16138,6.30614,6.30614,4,28,3.725290298461914e-09,8.0,False,Q3.28,32
mobilevit.encoder.layer.4.transformer.layer.1.attention.attention.key,Linear,-4.83185,4.46979,4.83185,4,28,3.725290298461914e-09,8.0,False,Q3.28,32
mobilevit.encoder.layer.4.transformer.layer.1.attention.attention.value,Linear,-2.39485,2.52152,2.52152,3,29,1.862645149230957e-09,4.0,False,Q2.29,32
mobilevit.encoder.layer.4.transformer.layer.1.attention.attention.dropout,Dropout,0.0,0.99818,0.99818,1,31,4.656612873077393e-10,1.0,False,Q0.31,32
mobilevit.encoder.layer.4.transformer.layer.1.attention.attention,MobileViTSelfAttention,-1.84821,2.05978,2.05978,3,29,1.862645149230957e-09,4.0,False,Q2.29,32
mobilevit.encoder.layer.4.transformer.layer.1.attention.output.dense,Linear,-3.40759,2.35416,3.40759,3,29,1.862645149230957e-09,4.0,False,Q2.29,32
mobilevit.encoder.layer.4.transformer.layer.1.attention.output.dropout,Dropout,-3.40759,2.35416,3.40759,3,29,1.862645149230957e-09,4.0,False,Q2.29,32
mobilevit.encoder.layer.4.transformer.layer.1.attention.output,MobileViTSelfOutput,-3.40759,2.35416,3.40759,3,29,1.862645149230957e-09,4.0,False,Q2.29,32
mobilevit.encoder.layer.4.transformer.layer.1.attention,MobileViTAttention,-3.40759,2.35416,3.40759,3,29,1.862645149230957e-09,4.0,False,Q2.29,32
mobilevit.encoder.layer.4.transformer.layer.1.layernorm_after,LayerNorm,-4.26006,3.04066,4.26006,4,28,3.725290298461914e-09,8.0,False,Q3.28,32
mobilevit.encoder.layer.4.transformer.layer.1.intermediate.dense,Linear,-11.27719,5.71264,11.27719,5,27,7.450580596923828e-09,16.0,False,Q4.27,32
mobilevit.encoder.layer.4.transformer.layer.1.intermediate.intermediate_act_fn,SiLUActivation,-0.27846,5.69383,5.69383,4,28,3.725290298461914e-09,8.0,False,Q3.28,32
mobilevit.encoder.layer.4.transformer.layer.1.intermediate,MobileViTIntermediate,-0.27846,5.69383,5.69383,4,28,3.725290298461914e-09,8.0,False,Q3.28,32
mobilevit.encoder.layer.4.transformer.layer.1.output.dense,Linear,-5.68322,6.93715,6.93715,4,28,3.725290298461914e-09,8.0,False,Q3.28,32
mobilevit.encoder.layer.4.transformer.layer.1.output.dropout,Dropout,-5.68322,6.93715,6.93715,4,28,3.725290298461914e-09,8.0,False,Q3.28,32
mobilevit.encoder.layer.4.transformer.layer.1.output,MobileViTOutput,-9.43507,15.41893,15.41893,5,27,7.450580596923828e-09,16.0,False,Q4.27,32
mobilevit.encoder.layer.4.transformer.layer.1,MobileViTTransformerLayer,-9.43507,15.41893,15.41893,5,27,7.450580596923828e-09,16.0,False,Q4.27,32
mobilevit.encoder.layer.4.transformer.layer.2.layernorm_before,LayerNorm,-1.76989,1.68871,1.76989,2,30,9.313225746154785e-10,2.0,False,Q1.30,32
mobilevit.encoder.layer.4.transformer.layer.2.attention.attention.query,Linear,-5.73115,4.89895,5.73115,4,28,3.725290298461914e-09,8.0,False,Q3.28,32
mobilevit.encoder.layer.4.transformer.layer.2.attention.attention.key,Linear,-5.02613,5.06763,5.06763,4,28,3.725290298461914e-09,8.0,False,Q3.28,32
mobilevit.encoder.layer.4.transformer.layer.2.attention.attention.value,Linear,-3.59787,3.42167,3.59787,3,29,1.862645149230957e-09,4.0,False,Q2.29,32
mobilevit.encoder.layer.4.transformer.layer.2.attention.attention.dropout,Dropout,0.0,0.99648,0.99648,1,31,4.656612873077393e-10,1.0,False,Q0.31,32
mobilevit.encoder.layer.4.transformer.layer.2.attention.attention,MobileViTSelfAttention,-2.62062,2.38645,2.62062,3,29,1.862645149230957e-09,4.0,False,Q2.29,32
mobilevit.encoder.layer.4.transformer.layer.2.attention.output.dense,Linear,-4.50149,6.15355,6.15355,4,28,3.725290298461914e-09,8.0,False,Q3.28,32
mobilevit.encoder.layer.4.transformer.layer.2.attention.output.dropout,Dropout,-4.50149,6.15355,6.15355,4,28,3.725290298461914e-09,8.0,False,Q3.28,32
mobilevit.encoder.layer.4.transformer.layer.2.attention.output,MobileViTSelfOutput,-4.50149,6.15355,6.15355,4,28,3.725290298461914e-09,8.0,False,Q3.28,32
mobilevit.encoder.layer.4.transformer.layer.2.attention,MobileViTAttention,-4.50149,6.15355,6.15355,4,28,3.725290298461914e-09,8.0,False,Q3.28,32
mobilevit.encoder.layer.4.transformer.layer.2.layernorm_after,LayerNorm,-3.68124,3.34419,3.68124,3,29,1.862645149230957e-09,4.0,False,Q2.29,32
mobilevit.encoder.layer.4.transformer.layer.2.intermediate.dense,Linear,-10.7004,6.36443,10.7004,5,27,7.450580596923828e-09,16.0,False,Q4.27,32
mobilevit.encoder.layer.4.transformer.layer.2.intermediate.intermediate_act_fn,SiLUActivation,-0.27846,6.35349,6.35349,4,28,3.725290298461914e-09,8.0,False,Q3.28,32
mobilevit.encoder.layer.4.transformer.layer.2.intermediate,MobileViTIntermediate,-0.27846,6.35349,6.35349,4,28,3.725290298461914e-09,8.0,False,Q3.28,32
mobilevit.encoder.layer.4.transformer.layer.2.output.dense,Linear,-10.45129,13.82829,13.82829,5,27,7.450580596923828e-09,16.0,False,Q4.27,32
mobilevit.encoder.layer.4.transformer.layer.2.output.dropout,Dropout,-10.45129,13.82829,13.82829,5,27,7.450580596923828e-09,16.0,False,Q4.27,32
mobilevit.encoder.layer.4.transformer.layer.2.output,MobileViTOutput,-12.69681,24.98899,24.98899,6,26,1.4901161193847656e-08,32.0,False,Q5.26,32
mobilevit.encoder.layer.4.transformer.layer.2,MobileViTTransformerLayer,-12.69681,24.98899,24.98899,6,26,1.4901161193847656e-08,32.0,False,Q5.26,32
mobilevit.encoder.layer.4.transformer,MobileViTTransformer,-12.69681,24.98899,24.98899,6,26,1.4901161193847656e-08,32.0,False,Q5.26,32
mobilevit.encoder.layer.4.layernorm,LayerNorm,-1.18576,1.62503,1.62503,2,30,9.313225746154785e-10,2.0,False,Q1.30,32
mobilevit.encoder.layer.4.conv_projection.convolution,Conv2d,-2.69232,1.94017,2.69232,3,29,1.862645149230957e-09,4.0,False,Q2.29,32
mobilevit.encoder.layer.4.conv_projection.normalization,BatchNorm2d,-2.37567,2.55185,2.55185,3,29,1.862645149230957e-09,4.0,False,Q2.29,32
mobilevit.encoder.layer.4.conv_projection.activation,SiLUActivation,-0.27846,2.36735,2.36735,3,29,1.862645149230957e-09,4.0,False,Q2.29,32
mobilevit.encoder.layer.4.conv_projection,MobileViTConvLayer,-0.27846,2.36735,2.36735,3,29,1.862645149230957e-09,4.0,False,Q2.29,32
mobilevit.encoder.layer.4.fusion.convolution,Conv2d,-21.16089,15.69217,21.16089,6,26,1.4901161193847656e-08,32.0,False,Q5.26,32
mobilevit.encoder.layer.4.fusion.normalization,BatchNorm2d,-3.00377,2.64289,3.00377,3,29,1.862645149230957e-09,4.0,False,Q2.29,32
mobilevit.encoder.layer.4.fusion.activation,SiLUActivation,-0.27846,2.46732,2.46732,3,29,1.862645149230957e-09,4.0,False,Q2.29,32
mobilevit.encoder.layer.4.fusion,MobileViTConvLayer,-0.27846,2.46732,2.46732,3,29,1.862645149230957e-09,4.0,False,Q2.29,32
mobilevit.encoder.layer.4,MobileViTLayer,-0.27846,2.46732,2.46732,3,29,1.862645149230957e-09,4.0,False,Q2.29,32
mobilevit.conv_1x1_exp.convolution,Conv2d,-4.20418,3.89309,4.20418,4,28,3.725290298461914e-09,8.0,False,Q3.28,32
mobilevit.conv_1x1_exp.normalization,BatchNorm2d,-31.26769,26.28299,31.26769,6,26,1.4901161193847656e-08,32.0,False,Q5.26,32
mobilevit.conv_1x1_exp.activation,SiLUActivation,-0.27846,26.28299,26.28299,6,26,1.4901161193847656e-08,32.0,False,Q5.26,32
mobilevit.conv_1x1_exp,MobileViTConvLayer,-0.27846,26.28299,26.28299,6,26,1.4901161193847656e-08,32.0,False,Q5.26,32
dropout,Dropout,-0.27473,3.56611,3.56611,3,29,1.862645149230957e-09,4.0,False,Q2.29,32
classifier,Linear,-7.96642,14.68982,14.68982,5,27,7.450580596923828e-09,16.0,False,Q4.27,32
